<?xml version="1.0" encoding="UTF-8"?>
<beans xmlns="http://www.springframework.org/schema/beans"
	xmlns:xsi="http://www.w3.org/2001/XMLSchema-instance"
	xmlns:context="http://www.springframework.org/schema/context"
	xmlns:mvc="http://www.springframework.org/schema/mvc"
	xsi:schemaLocation="
		http://www.springframework.org/schema/beans 
		http://www.springframework.org/schema/beans/spring-beans.xsd
        http://www.springframework.org/schema/mvc 
        http://www.springframework.org/schema/mvc/spring-mvc-4.0.xsd
        http://www.springframework.org/schema/context 
        http://www.springframework.org/schema/context/spring-context.xsd">
	
	<!--1.开启springMVC注解  -->
	<mvc:annotation-driven/>
	
	<!--2.开启包扫描 controller  -->
	<context:component-scan base-package="com.jt.order.controller"/>
	
	<!--3.配置视图解析器 内部资源视图解析器 -->
	<bean id="internalResour" 
	class="org.springframework.web.servlet.view.InternalResourceViewResolver">
		<!--配置前缀和后缀  -->
		<property name="prefix" value="/WEB-INF/views/"/>
		
		<property name="suffix" value=".jsp"/>
	</bean>	
	
	<!--放行静态资源文件  -->
	<mvc:default-servlet-handler/>
	
	<!--添加文件上传视图解析器
		注意事项:id的名称必须为multipartResolver
	  -->
	<bean id="multipartResolver" class="org.springframework.web.multipart.commons.CommonsMultipartResolver">
		<!--定义最大上传量 一般不超过10M 1024*1024*10 -->
		<property name="maxUploadSize" value="10485760"/>
		<!--定义字符集编码  -->
		<property name="defaultEncoding" value="UTF-8"/>
	</bean>
	
	
	
	
	
	
	

</beans>