<?xml version="1.0" encoding="UTF-8"?>
<beans xmlns="http://www.springframework.org/schema/beans"
	xmlns:xsi="http://www.w3.org/2001/XMLSchema-instance"
	xmlns:context="http://www.springframework.org/schema/context"
	xmlns:mvc="http://www.springframework.org/schema/mvc"
	xsi:schemaLocation="
		http://www.springframework.org/schema/beans 
		http://www.springframework.org/schema/beans/spring-beans.xsd
        http://www.springframework.org/schema/mvc 
        http://www.springframework.org/schema/mvc/spring-mvc-4.0.xsd
        http://www.springframework.org/schema/context 
        http://www.springframework.org/schema/context/spring-context.xsd">
	
	
	<!--定义连接池  -->
	<bean id="jedisSentinelPool" class="redis.clients.jedis.JedisSentinelPool">
		<constructor-arg index="0" value="${redis.sentinel.masterName}"/>
		<constructor-arg index="1">
			<set>
				<value>${redis.sentinel.host1}</value>
				<value>${redis.sentinel.host2}</value>
				<value>${redis.sentinel.host3}</value>
			</set>
		</constructor-arg>
	</bean>
	
	
</beans>